from_id,to_id,direct,hops
7201,87266,True,1
8578,66085,True,1
8578,80131,False,2
8578,87266,False,3
17093,87266,True,1
17311,68721,True,1
17311,41300,False,2
17311,80131,False,3
17311,87266,False,4
19654,68721,True,1
19654,41300,False,2
19654,80131,False,3
19654,87266,False,4
21623,17311,True,1
21623,68721,False,2
21623,41300,False,3
21623,80131,False,4
21623,87266,False,5
22396,64615,True,1
22396,88214,False,2
22396,88993,False,3
23354,87266,True,1
23471,76686,True,1
23471,70830,False,2
23471,17311,False,3
23471,68721,False,4
23471,41300,False,5
23471,80131,False,6
23471,87266,False,7
23510,80131,True,1
23510,87266,False,2
26992,17311,True,1
26992,68721,False,2
26992,41300,False,3
26992,80131,False,4
26992,87266,False,5
27329,41300,True,1
27329,80131,False,2
27329,87266,False,3
32908,27329,True,1
32908,41300,False,2
32908,80131,False,3
32908,87266,False,4
34563,51017,True,1
34563,41300,False,2
34563,80131,False,3
34563,87266,False,4
35283,87266,True,1
36082,59270,True,1
36082,63161,False,2
36082,80131,False,3
36082,87266,False,4
37182,68721,True,1
37182,41300,False,2
37182,80131,False,3
37182,87266,False,4
38025,66786,True,1
38682,34563,True,1
38682,51017,False,2
38682,41300,False,3
38682,80131,False,4
38682,87266,False,5
39117,53551,True,1
41300,80131,True,1
41300,87266,False,2
41597,87746,True,1
41597,88142,False,2
41597,79812,False,3
41597,87979,False,4
41597,87266,False,5
42557,84647,True,1
42557,74094,False,2
42557,74742,False,3
42557,88993,False,4
43016,80131,True,1
43016,87266,False,2
44124,17311,True,1
44124,68721,False,2
44124,41300,False,3
44124,80131,False,4
44124,87266,False,5
45325,17311,True,1
45325,68721,False,2
45325,41300,False,3
45325,80131,False,4
45325,87266,False,5
45608,87746,True,1
45608,88142,False,2
45608,79812,False,3
45608,87979,False,4
45608,87266,False,5
45920,68721,True,1
45920,41300,False,2
45920,80131,False,3
45920,87266,False,4
47377,21623,True,1
47377,26992,False,2
47377,45325,False,3
47377,17311,False,4
47377,68721,False,5
47377,41300,False,6
47377,80131,False,7
47377,87266,False,8
47442,43016,True,1
47442,80131,False,2
47442,87266,False,3
48345,77957,True,1
48345,87979,False,2
48345,87266,False,3
50305,88993,True,1
50929,78108,True,1
50929,84647,False,2
50929,74094,False,3
50929,74742,False,4
50929,88993,False,5
51017,41300,True,1
51017,80131,False,2
51017,87266,False,3
51705,88804,True,1
51705,72581,False,2
51705,63754,False,3
52223,80131,True,1
52223,87266,False,2
52811,87746,True,1
52811,88142,False,2
52811,79812,False,3
52811,87979,False,4
52811,87266,False,5
53289,68721,True,1
53289,41300,False,2
53289,80131,False,3
53289,87266,False,4
54809,77957,True,1
54809,87979,False,2
54809,87266,False,3
55069,87266,True,1
55746,41597,True,1
55746,87746,False,2
55746,88142,False,3
55746,79812,False,4
55746,87979,False,5
55746,87266,False,6
56445,88993,True,1
56698,41300,True,1
56698,80131,False,2
56698,87266,False,3
58531,68721,True,1
58531,41300,False,2
58531,80131,False,3
58531,87266,False,4
59270,80131,True,1
59270,87266,False,2
59937,88214,True,1
59937,88993,False,2
61147,41300,True,1
61147,80131,False,2
61147,87266,False,3
61693,74742,True,1
61693,88993,False,2
62101,80131,True,1
62101,87266,False,2
63161,80131,True,1
63161,87266,False,2
63762,71729,True,1
63762,55069,False,2
63762,87266,False,3
63910,45920,True,1
63910,68721,False,2
63910,41300,False,3
63910,80131,False,4
63910,87266,False,5
64088,80131,True,1
64088,87266,False,2
64349,88993,True,1
64393,87266,True,1
64615,88214,True,1
64615,88993,False,2
64733,44124,True,1
64733,17311,False,2
64733,68721,False,3
64733,41300,False,4
64733,80131,False,5
64733,87266,False,6
65593,88214,True,1
65593,88993,False,2
66085,80131,True,1
66085,87266,False,2
66318,89219,True,1
66318,90321,False,2
66995,19654,True,1
66995,37182,False,2
66995,68721,False,3
66995,41300,False,4
66995,80131,False,5
66995,87266,False,6
67494,88993,True,1
67669,80131,True,1
67669,87266,False,2
68177,62101,True,1
68177,80131,False,2
68177,87266,False,3
68336,74094,True,1
68336,74742,False,2
68336,88993,False,3
68612,64733,True,1
68612,44124,False,2
68612,17311,False,3
68612,68721,False,4
68612,41300,False,5
68612,80131,False,6
68612,87266,False,7
68721,41300,True,1
68721,80131,False,2
68721,87266,False,3
68880,63754,True,1
69208,80684,True,1
69942,84647,True,1
69942,74094,False,2
69942,74742,False,3
69942,88993,False,4
70133,85960,True,1
70244,72581,True,1
70244,63754,False,2
70714,72581,True,1
70714,63754,False,2
70830,17311,True,1
70830,68721,False,2
70830,41300,False,3
70830,80131,False,4
70830,87266,False,5
71203,84434,True,1
71203,88214,False,2
71203,88993,False,3
71604,84647,True,1
71604,74094,False,2
71604,74742,False,3
71604,88993,False,4
71613,88993,True,1
71729,55069,True,1
71729,87266,False,2
71736,87266,True,1
72210,88993,True,1
72258,87266,True,1
72430,88993,True,1
72492,88993,True,1
72565,89953,True,1
72565,88993,False,2
72581,63754,True,1
72624,87266,True,1
72954,88214,True,1
72954,88993,False,2
73035,88993,True,1
73058,88993,True,1
73353,74094,True,1
73353,74742,False,2
73353,88993,False,3
73525,88993,True,1
73707,88993,True,1
74094,74742,True,1
74094,88993,False,2
74276,74094,True,1
74276,74742,False,2
74276,88993,False,3
74742,88993,True,1
74854,84647,True,1
74854,74094,False,2
74854,74742,False,3
74854,88993,False,4
75009,90206,True,1
75009,74094,False,2
75009,74742,False,3
75009,88993,False,4
75061,89953,True,1
75061,88993,False,2
75185,41300,True,1
75185,80131,False,2
75185,87266,False,3
75628,88214,True,1
75628,88993,False,2
75723,88993,True,1
75892,90092,True,1
75892,74094,False,2
75892,74742,False,3
75892,88993,False,4
75951,87266,True,1
76292,80684,True,1
76394,88993,True,1
76436,89953,True,1
76436,88993,False,2
76613,88993,True,1
76686,70830,True,1
76686,17311,False,2
76686,68721,False,3
76686,41300,False,4
76686,80131,False,5
76686,87266,False,6
77055,88214,True,1
77055,88993,False,2
77259,88993,True,1
77396,88214,True,1
77396,88993,False,2
77528,17311,True,1
77528,68721,False,2
77528,41300,False,3
77528,80131,False,4
77528,87266,False,5
77556,88214,True,1
77556,88993,False,2
77570,72624,True,1
77570,87266,False,2
77574,88214,True,1
77574,88993,False,2
77658,88993,True,1
77660,80684,True,1
77757,88142,True,1
77757,79812,False,2
77757,87979,False,3
77757,87266,False,4
77784,84647,True,1
77784,74094,False,2
77784,74742,False,3
77784,88993,False,4
77869,88993,True,1
77957,87979,True,1
77957,87266,False,2
77971,53551,True,1
78108,84647,True,1
78108,74094,False,2
78108,74742,False,3
78108,88993,False,4
78301,87746,True,1
78301,88142,False,2
78301,79812,False,3
78301,87979,False,4
78301,87266,False,5
78591,84647,True,1
78591,74094,False,2
78591,74742,False,3
78591,88993,False,4
79003,74094,True,1
79003,74742,False,2
79003,88993,False,3
79516,84647,True,1
79516,74094,False,2
79516,74742,False,3
79516,88993,False,4
79705,82921,True,1
79812,87979,True,1
79812,87266,False,2
80080,88993,True,1
80131,87266,True,1
80339,85960,True,1
80380,74094,True,1
80380,74742,False,2
80380,88993,False,3
80479,88214,True,1
80479,88993,False,2
80562,88993,True,1
80934,80684,True,1
81013,88993,True,1
81062,88993,True,1
81101,80684,True,1
81494,88993,True,1
81588,84647,True,1
81588,74094,False,2
81588,74742,False,3
81588,88993,False,4
81676,80684,True,1
81718,84444,True,1
81816,88214,True,1
81816,88993,False,2
82102,88214,True,1
82102,88993,False,2
82107,74094,True,1
82107,74742,False,2
82107,88993,False,3
82180,90206,True,1
82180,74094,False,2
82180,74742,False,3
82180,88993,False,4
82541,74094,True,1
82541,74742,False,2
82541,88993,False,3
82658,88993,True,1
82751,89219,True,1
82751,90321,False,2
83293,84647,True,1
83293,74094,False,2
83293,74742,False,3
83293,88993,False,4
83317,41300,True,1
83317,80131,False,2
83317,87266,False,3
83430,80684,True,1
83505,77556,True,1
83505,88214,False,2
83505,88993,False,3
83840,88214,True,1
83840,88993,False,2
83885,88214,True,1
83885,88993,False,2
83900,88214,True,1
83900,88993,False,2
83907,83840,True,1
83907,88214,False,2
83907,88993,False,3
83996,88214,True,1
83996,88993,False,2
84027,75009,True,1
84027,90206,False,2
84027,74094,False,3
84027,74742,False,4
84027,88993,False,5
84380,88993,True,1
84434,88214,True,1
84434,88993,False,2
84510,77556,True,1
84510,88214,False,2
84510,88993,False,3
84647,74094,True,1
84647,74742,False,2
84647,88993,False,3
85019,88214,True,1
85019,88993,False,2
85258,87266,True,1
86242,51705,True,1
86242,88804,False,2
86242,72581,False,3
86242,63754,False,4
87022,88214,True,1
87022,88993,False,2
87407,62101,True,1
87407,80131,False,2
87407,87266,False,3
87746,88142,True,1
87746,79812,False,2
87746,87979,False,3
87746,87266,False,4
87962,80684,True,1
87979,87266,True,1
88142,79812,True,1
88142,87979,False,2
88142,87266,False,3
88214,88993,True,1
88804,72581,True,1
88804,63754,False,2
89219,90321,True,1
89953,88993,True,1
90092,74094,True,1
90092,74742,False,2
90092,88993,False,3
90206,74094,True,1
90206,74742,False,2
90206,88993,False,3
4894,76253,True,1
7307,44967,True,1
7307,9229,False,2
7307,90276,False,3
7307,86256,False,4
53490,68004,True,1
53490,90228,False,2
9229,90276,True,1
9229,86256,False,2
11796,78518,True,1
17313,90276,True,1
17313,86256,False,2
18044,63682,True,1
18814,90228,True,1
18954,84718,True,1
21538,85529,True,1
21538,83828,False,2
21538,82393,False,3
23628,28555,True,1
23628,37171,False,2
23795,90276,True,1
23795,86256,False,2
23861,90228,True,1
24167,78518,True,1
24888,54782,True,1
24888,90228,False,2
25542,62898,True,1
25542,87726,False,2
25612,28395,True,1
25612,90276,False,2
25612,86256,False,3
25622,33972,True,1
28395,90276,True,1
28395,86256,False,2
28555,37171,True,1
29051,90276,True,1
29051,86256,False,2
29162,56653,True,1
29162,64419,False,2
29269,84516,True,1
29407,38966,True,1
29407,25622,False,2
29407,33972,False,3
30522,88059,True,1
30522,88816,False,2
30522,85934,False,3
30522,85250,False,4
31054,89940,True,1
31054,87726,False,2
32659,90228,True,1
33818,90228,True,1
34558,82426,True,1
34753,90276,True,1
34753,86256,False,2
35123,90228,True,1
35607,90276,True,1
35607,86256,False,2
36563,79699,True,1
37762,47749,True,1
37762,59876,False,2
38660,79699,True,1
38676,55168,True,1
38676,24145,False,2
38966,25622,True,1
38966,33972,False,2
39312,50334,True,1
39312,28395,False,2
39312,90276,False,3
39312,86256,False,4
39844,53419,True,1
40089,80132,True,1
40089,88587,False,2
41041,18814,True,1
41041,90228,False,2
41111,18814,True,1
41111,90228,False,2
41146,28395,True,1
41146,90276,False,2
41146,86256,False,3
41163,25930,True,1
41369,43012,True,1
41369,90276,False,2
41369,86256,False,3
41372,78518,True,1
41866,29407,True,1
41866,38966,False,2
41866,25622,False,3
41866,33972,False,4
41966,50002,True,1
42577,28395,True,1
42577,90276,False,2
42577,86256,False,3
42822,81103,True,1
42854,90228,True,1
42979,78518,True,1
43012,90276,True,1
43012,86256,False,2
43957,84315,True,1
43957,72953,False,2
44782,88059,True,1
44782,88816,False,2
44782,85934,False,3
44782,85250,False,4
44967,9229,True,1
44967,90276,False,2
44967,86256,False,3
46545,68325,True,1
46678,56979,True,1
46937,28395,True,1
46937,90276,False,2
46937,86256,False,3
47462,66021,True,1
47462,88059,False,2
47462,88816,False,3
47462,85934,False,4
47462,85250,False,5
47645,64419,True,1
47686,90228,True,1
47749,59876,True,1
47821,75566,True,1
47821,88059,False,2
47821,88816,False,3
47821,85934,False,4
47821,85250,False,5
48095,85249,True,1
48235,88178,True,1
48235,82838,False,2
48465,90381,True,1
48465,89585,False,2
49094,42577,True,1
49094,28395,False,2
49094,90276,False,3
49094,86256,False,4
49107,23795,True,1
49107,90276,False,2
49107,86256,False,3
49780,90228,True,1
50273,53419,True,1
50306,81356,True,1
50334,28395,True,1
50334,90276,False,2
50334,86256,False,3
50336,88587,True,1
50641,90228,True,1
50729,84315,True,1
50729,72953,False,2
50813,28555,True,1
50813,37171,False,2
51049,61774,True,1
51049,72149,False,2
51049,73091,False,3
51167,53419,True,1
51559,46406,True,1
51965,70121,True,1
51965,82167,False,2
51965,85897,False,3
52436,79699,True,1
52438,88587,True,1
53261,79699,True,1
53516,84513,True,1
54172,71728,True,1
54538,90381,True,1
54538,89585,False,2
54624,72621,True,1
54782,90228,True,1
54856,56653,True,1
54856,64419,False,2
54932,88587,True,1
55168,24145,True,1
55916,88587,True,1
56167,74551,True,1
56386,66079,True,1
56519,90381,True,1
56519,89585,False,2
56653,64419,True,1
56986,87726,True,1
57035,48177,True,1
57331,88587,True,1
57655,77808,True,1
57753,53419,True,1
57944,73473,True,1
57944,78725,False,2
57944,88587,False,3
58149,79699,True,1
58860,63066,True,1
58860,90228,False,2
58953,81103,True,1
59536,76440,True,1
59536,85250,False,2
59860,43012,True,1
59860,90276,False,2
59860,86256,False,3
60205,88587,True,1
60542,53416,True,1
61324,86989,True,1
61568,90276,True,1
61568,86256,False,2
61774,72149,True,1
61774,73091,False,2
62160,81103,True,1
62718,90381,True,1
62718,89585,False,2
62898,87726,True,1
63040,63066,True,1
63040,90228,False,2
63066,90228,True,1
63091,46406,True,1
63195,90228,True,1
63473,81103,True,1
63834,63486,True,1
63840,80965,True,1
63840,53419,False,2
64255,90228,True,1
64359,88059,True,1
64359,88816,False,2
64359,85934,False,3
64359,85250,False,4
64623,88587,True,1
64640,38676,True,1
64640,55168,False,2
64640,24145,False,3
64750,82167,True,1
64750,85897,False,2
65007,73473,True,1
65007,78725,False,2
65007,88587,False,3
65392,80132,True,1
65392,88587,False,2
65395,88816,True,1
65395,85934,False,2
65395,85250,False,3
65463,90228,True,1
65891,88587,True,1
66021,88059,True,1
66021,88816,False,2
66021,85934,False,3
66021,85250,False,4
66105,68325,True,1
66454,28395,True,1
66454,90276,False,2
66454,86256,False,3
66592,77811,True,1
66592,79933,False,2
66592,90381,False,3
66592,89585,False,4
66955,76253,True,1
67129,79699,True,1
67174,85250,True,1
67268,90381,True,1
67268,89585,False,2
67292,88059,True,1
67292,88816,False,2
67292,85934,False,3
67292,85250,False,4
67431,86989,True,1
67483,71475,True,1
67509,88059,True,1
67509,88816,False,2
67509,85934,False,3
67509,85250,False,4
67565,54538,True,1
67565,90381,False,2
67565,89585,False,3
67798,90228,True,1
68004,90228,True,1
68064,86989,True,1
68348,54977,True,1
68444,85585,True,1
68444,90228,False,2
68535,88587,True,1
68780,77848,True,1
68780,88587,False,2
68975,89637,True,1
68975,79202,False,2
68975,79699,False,3
69059,90381,True,1
69059,89585,False,2
69232,84516,True,1
69416,88587,True,1
69527,88059,True,1
69527,88816,False,2
69527,85934,False,3
69527,85250,False,4
69640,88059,True,1
69640,88816,False,2
69640,85934,False,3
69640,85250,False,4
69741,75415,True,1
69742,80268,True,1
70007,88587,True,1
70061,85992,True,1
70061,85250,False,2
70121,82167,True,1
70121,85897,False,2
70593,63066,True,1
70593,90228,False,2
70710,90381,True,1
70710,89585,False,2
70721,85250,True,1
70864,80268,True,1
71016,88816,True,1
71016,85934,False,2
71016,85250,False,3
71149,50002,True,1
71608,88587,True,1
71653,30989,True,1
71972,82167,True,1
71972,85897,False,2
72149,73091,True,1
72222,88587,True,1
72747,88059,True,1
72747,88816,False,2
72747,85934,False,3
72747,85250,False,4
72936,90228,True,1
73073,53419,True,1
73473,78725,True,1
73473,88587,False,2
73713,80268,True,1
73857,88587,True,1
73900,90381,True,1
73900,89585,False,2
74020,73473,True,1
74020,78725,False,2
74020,88587,False,3
74347,90381,True,1
74347,89585,False,2
74781,29269,True,1
74781,84516,False,2
75066,70836,True,1
75412,90276,True,1
75412,86256,False,2
75485,56653,True,1
75485,64419,False,2
75523,55916,True,1
75523,88587,False,2
75566,88059,True,1
75566,88816,False,2
75566,85934,False,3
75566,85250,False,4
75599,66836,True,1
75631,79252,True,1
75631,85288,False,2
75737,88587,True,1
75982,90228,True,1
76305,39312,True,1
76305,50334,False,2
76305,28395,False,3
76305,90276,False,4
76305,86256,False,5
76440,85250,True,1
76569,90228,True,1
76658,88816,True,1
76658,85934,False,2
76658,85250,False,3
76790,88059,True,1
76790,88816,False,2
76790,85934,False,3
76790,85250,False,4
76915,63066,True,1
76915,90228,False,2
76988,84513,True,1
77000,90381,True,1
77000,89585,False,2
77037,66079,True,1
77108,88059,True,1
77108,88816,False,2
77108,85934,False,3
77108,85250,False,4
77410,90276,True,1
77410,86256,False,2
77515,53419,True,1
77811,79933,True,1
77811,90381,False,2
77811,89585,False,3
77848,88587,True,1
77896,80501,True,1
77949,64419,True,1
77990,88059,True,1
77990,88816,False,2
77990,85934,False,3
77990,85250,False,4
78058,84516,True,1
78089,90381,True,1
78089,89585,False,2
78540,88059,True,1
78540,88816,False,2
78540,85934,False,3
78540,85250,False,4
78725,88587,True,1
79082,89585,True,1
79167,86989,True,1
79202,79699,True,1
79252,85288,True,1
79510,88059,True,1
79510,88816,False,2
79510,85934,False,3
79510,85250,False,4
79666,89238,True,1
79666,79699,False,2
79832,88587,True,1
79878,81304,True,1
79878,85250,False,2
79933,90381,True,1
79933,89585,False,2
79995,84315,True,1
79995,72953,False,2
80035,88059,True,1
80035,88816,False,2
80035,85934,False,3
80035,85250,False,4
80132,88587,True,1
80276,88059,True,1
80276,88816,False,2
80276,85934,False,3
80276,85250,False,4
80386,86989,True,1
80513,85897,True,1
80604,85250,True,1
80626,50002,True,1
80959,79991,True,1
80965,53419,True,1
81015,90381,True,1
81015,89585,False,2
81304,85250,True,1
81702,25622,True,1
81702,33972,False,2
82167,85897,True,1
82876,55916,True,1
82876,88587,False,2
82892,53419,True,1
82918,83646,True,1
82918,86501,False,2
82918,87726,False,3
83428,90276,True,1
83428,86256,False,2
83646,86501,True,1
83646,87726,False,2
83828,82393,True,1
83834,88178,True,1
83834,82838,False,2
84163,50729,True,1
84163,84315,False,2
84163,72953,False,3
84315,72953,True,1
84696,85992,True,1
84696,85250,False,2
84985,85250,True,1
85113,82816,True,1
85205,86989,True,1
85248,85250,True,1
85489,73091,True,1
85529,83828,True,1
85529,82393,False,2
85585,90228,True,1
85934,85250,True,1
85992,85250,True,1
86305,86261,True,1
86501,87726,True,1
86529,69741,True,1
86529,75415,False,2
87680,88059,True,1
87680,88816,False,2
87680,85934,False,3
87680,85250,False,4
88059,88816,True,1
88059,85934,False,2
88059,85250,False,3
88176,81572,True,1
88178,82838,True,1
88816,85934,True,1
88816,85250,False,2
89238,79699,True,1
89637,79202,True,1
89637,79699,False,2
89940,87726,True,1
90276,86256,True,1
90381,89585,True,1
